username,slack_id
zaki-_z,U06NP4EUVHC
bartalo_y,U039ZS1F2G3
pashko_y,U07LCT60KGQ
samodid_y,U06NF5Z9LCF
pakhaliu_y,U03A26QH3J8
rietveld_w,U07LRBZLLT0
omonzokp_w,U04T8R7J6EB
geldenhu_w,U07KQ0PDKMH
doynov_v,U07LY162HAN
parvanov_v,U02GUPBPFUJ
cvetko_t,U07KM7J6MBP
moreira_t,U08JVL3UU3T
lomidze_t,U07KHEKSNTY
pezzini_s,U06PJ2VTWPL
migkas_s,U08J4E0SK4P
lima-cid_s,U041KTUMS87
aksoy_s,U049P33CYAH
ilenloa_s,U07KSJ444H2
davies_s,U08JVL4CV89
moustafa_s,U07MY1S3VPU
anan_s,U07KQ3YVC90
morgan_r,U01NM13BF7H
christop_r,U0437D8QVJQ
alkinani_r,U07NLR1RL72
sieradzk_p,U041XG036KF
pattes_p,U08J4E855D5
barrient_p,U07L2PFCTND
antoni_o,U08JVL4FBLH
kirilov_n,U04TGP01LRL
larsen-d_n,U08J4E8EVK9
theron_n,U0420F234JW
dusoruth_n,U08J4E149KR
mahmud-h_m,U08JVL60DC1
mullins_m,U041TSCTMB8
morzy_m,U07MXU8KQ75
daoud_me,U07RR33AK99
sletterh_m,U07LCT6UN3A
kirsch_m,U04TRQY72G4
turkishv_m,U07LCT1AFGQ
van-den-_m,U08JMFYKS9Z
salem_m,U08JVL7K59P
abdulla_ma,U08J4E8RHD5
alsleima_l,U06Q2S6T82Y
blanc_la,U049BP9ES95
jegorovs_k,U08JVL896BT
hoang_k,U06PHV11GTD
ribberin_k,U08J4E62XFZ
kostadin_k,U06NY6GBF60
miasko_j,U08JVL9BGL9
ramon-ga_j,U039X07K1RT
dudas_j,U039ZS16AFM
santos_j,U02GUPC6HK4
hilbolli_i,U05RT6TJNDQ
markelis_i,U02N2Q609A9
castro-d_i,U08JVL9S07K
anan_i,U04TLD2BUDB
hopp_h,U08J4E9G90X
malatant_h,U08K99E5FFU
barman_h,U07KQ0TKBFV
kader_h,U04TLD99LBX
martens_h,U08J4E9MC4X
danylova_h,U04TGP0B53Q
kaheel_h,U07L2PGBS4R
costa_g,U06PBDKEXU6
oga_gr,U05RQ9CGP45
vilnoiu_g,U02GUPCF17U
suarez_g,U08J4E9SA9M
jose-san_f,U08KGM905AR
demir_f,U02GUPC7MMG
martine_fe,U08J4E6H9JT
tickaite_e,U08J4EA1MRD
parra-ci_e,U041XG05P6Z
olivier_e,U07LXTHFU8K
cahill_d,U08JVLA7BPB
oliveira_d,U07KHER49L6
schmidt_d,U072CUQU941
corley_d,U05RLHDS5KQ
nechtan_d,U05RT70NSSW
araujo-c_d,U08J4EA5QBZ
tofan_c,U08J4EA80HM
van-zyl_c,U05RCLDEY5V
-,U08J4EABQKZ
monchuk_a,U05S5RPKQSD
sinharoy_a,U06Q6S0BUM6
kashkina_a,U04TP7KRMRR
andreas_a,U07MV5HTBCM
kalinina_a,U02NVE9A36U
markov_a,U0420F1UV2N
poggio_a,U05S5RP4ZT3
zaid-wak_a,U08J4EAEHHV
sardinat_a,U043HG2JK6V
amein_a,U06NSQTQASZ